Rank,Drug,SMILES_Guest,CD,K_binary_pred,Best_Coformer,K_ternary_pred,K_ratio,ddG_kJmol
1,2-Naphthoate,O=C([O-])C1=CC=C2C=CC=CC2=C1,beta-CD,2401.2,Glycine,10011.0,4.17,-3.54
2,Carbazole,C1=CC=C2C(=C1)NC1=CC=CC=C12,beta-CD,2195.6,Nicotinamide,10004.1,4.56,-3.76
3,4-pyridin-4-yl-1-[9-(4-pyridin-4-ylpyridin-1-ium-1-yl)nonyl]pyridin-1-ium,C1=NC=CC(C2=CC=[N+](CCCCCCCCC[N+]3=CC=C(C4=CC=NC=C4)C=C3)C=C2)=C1,alpha-CD,2565.8,Citric acid,9966.6,3.88,-3.36
4,"4-(1-Methyl-4,6-diphenyl-2-pyridinylidene)cyclohexa-2,5-dien-1-one",CN1C(C2=CC=CC=C2)=CC(C2=CC=CC=C2)=CC1=C1C=CC(=O)C=C1,beta-CD,2241.8,L-Proline,9936.4,4.43,-3.69
5,1-Naphthalenemethanol,OCC1=CC=CC2=CC=CC=C12,beta-CD,2287.2,L-Lysine,9909.1,4.33,-3.63
6,Phenanthrene,C1=CC=C2C(=C1)C=CC1=CC=CC=C12,gamma-CD,2210.4,Succinic acid,9882.9,4.47,-3.71
7,"3-(2,3-Dihydro-1,4-benzodioxin-6-yl)-6-ethyl-4-hydroxy-7-methoxychromen-2-one",CCC1=CC2=C(C=C1OC)OC(=O)C(C1=CC=C3OCCOC3=C1)=C2O,beta-CD,2510.0,Triethanolamine,9865.4,3.93,-3.39
8,4-[(3-Butan-2-yl-4-hydroxyphenyl)diazenyl]benzenesulfonic acid,CCC(C)C1=CC(N=NC2=CC=C(S(=O)(=O)O)C=C2)=CC=C1O,alpha-CD,2506.9,Triethanolamine,9853.1,3.93,-3.39
9,Cresolphthalein,CC1=CC(C2(C3=CC=C(O)C(C)=C3)OC(=O)C3=CC=CC=C32)=CC=C1O,beta-CD,2866.7,Meglumine,9742.6,3.4,-3.03
10,Benzophenone,O=C(C1=CC=CC=C1)C1=CC=CC=C1,beta-CD,2822.0,Meglumine,9590.7,3.4,-3.03
